Juan Hernández,Ramo2,1,juan.hernandez@gmail.com,BAJA
Ana González,Ramo1,2,ana.gonzalez@hotmail.com,MEDIA
Luis Araya,Ramo3,2,luis.araya@vtr.net,MEDIA
Andrea Flores,Ramo2,1,andrea.flores@gmail.com,MEDIA
Mario Herrera,Ramo1,2,mario.gerrerag@hotmail.com,ALTA
Jorge Romero,Ramo1,1,jorge.romero01@gmail.com,BAJA
Omar Andrades,Ramo1,1,oandrades@gmail.com,BAJA
Jaime Ortega,Ramo2,1,jaime.ortegaf@vtr.net,MEDIA
Carlos Gómez,Ramo2,1,carlos.gomezaa@gmail.com,ALTA
Enrique Cárcamo,Ramo3,2,enricarcamo@hotmail.com,ALTA
Soledad Díaz,Ramo1,3,soledad.diaz@yahoo.es,MEDIA
Luisa Rojas,Ramo3,1,luis.rojask@gmail.com,BAJA
Esteban Jara,Ramo2,1,esteban.jara@vtr.net,ALTA
Alberto Cerda,Ramo3,1,alberto.cerda@hotmail.com,MEDIA
Miguel Donoso,Ramo2,1,mdonoso@yahoo.com,ALTA
José Pérez,Ramo1,1,jperezsa@gmail.com,BAJA
Hugo Retamal,Ramo1,1,hugo.retamalh@yahoo.es,MEDIA
Ester Zapata,Ramo1,1,ester.zapataa@gmail.com,ALTA
Denise Correa,Ramo3,1,denise.correa@vtr.net,MEDIA
Catalina Fore,Ramo1,2,catalina.fore@gmail.com,BAJA
Gustavo Bustos,Ramo3,1,gustavo.bustoss@hotmail.com,BAJA